Algorithm,test_rmse,fit_time,test_time
SVD,0.40347626633854944,334.5736598968506,43.606699069341026
BaselineOnly,0.40661045438619087,45.696861346562706,34.07111199696859
KNNBaseline,0.4113364000282944,630.9618690808614,3014.4027111530304
